timestamp,ts,x,y,z,std,roll,pitch,yaw,type,status,format
1637321409.380447,1550139820.42759,1.0173624409205917,0.5149690239219141,-0.3037635858239119,0.43320072130580983,-0.7088243879969018,0.08136265285681385,-1.9310926964533817,position_local,0,json_v2
1637321409.636244,1550139820.6778095,1.0181281412495475,0.5150413484909141,-0.3038564041878481,0.43333745543317426,-0.705647403270096,0.08271242388825631,-1.9340103289384227,position_local,0,json_v2
1637321409.967728,1550139820.9812396,1.0171172180634254,0.5155349461010037,-0.3044564317200774,0.4333483880371862,-0.6830890754208827,0.08216170626559292,-1.9415779773547277,position_local,0,json_v2
1637321410.225109,1550139821.3027015,1.018702056936701,0.5153184655352364,-0.302442469383958,0.43354809141647677,-0.6726976127263766,0.10161298557189048,-1.9472840269045966,position_local,0,json_v2
1637321410.580572,1550139821.6034749,1.0189185421301967,0.5148043107903567,-0.30449568876910565,0.43350340600960213,-0.6783287291069855,0.10054283334286183,-1.9506372935720941,position_local,0,json_v2
1637321410.81982,1550139821.9034545,1.0179602165192534,0.5156648493439886,-0.3032350795568331,0.433537566006456,-0.6844796528377106,0.10114033553543629,-1.960410632855742,position_local,0,json_v2
1637321411.168933,1550139822.1808894,1.018798181523304,0.5148493659776368,-0.3037104676107296,0.43389936233513415,-0.6956894496810823,0.09037847395430403,-1.9501109306672944,position_local,0,json_v2
1637321411.431121,1550139822.5024517,1.0198396203093747,0.5150582430763464,-0.3030278284474119,0.43374131320092046,-0.6928771751745822,0.08184272336267343,-1.959388020823646,position_local,0,json_v2
1637321411.779665,1550139822.8031132,1.01930617319169,0.5153531329289203,-0.3033051006622975,0.43381437843647475,-0.6916454508465988,0.08375340617113328,-1.9545125799664826,position_local,0,json_v2
1637321412.141527,1550139823.128385,1.0210527958712976,0.5153381831988622,-0.30320750746255154,0.43403751218510916,-0.6841516091160632,0.08962339173276092,-1.9475531104411923,position_local,0,json_v2
1637321412.388872,1550139823.4276307,1.0207724900377264,0.5149806749324691,-0.30249695215947286,0.43397266784775007,-0.6669336016829837,0.09266849593005087,-1.9360175093251497,position_local,0,json_v2
1637321412.640996,1550139823.7276561,1.0205249271413779,0.5146018571390524,-0.30252378603377045,0.43428761047689046,-0.6894470651574899,0.10020239839177524,-1.9325771039137203,position_local,0,json_v2
1637321412.980948,1550139824.0031707,1.0207989466370229,0.5142028072870387,-0.30241898733945627,0.43416972676951643,-0.7027386500540718,0.09815916683837478,-1.9271126237962397,position_local,0,json_v2
1637321413.240055,1550139824.2778552,1.0209297375616333,0.5145721278420777,-0.30412363132134174,0.4341773644286571,-0.7003882041035564,0.10029071967394475,-1.930130851964108,position_local,0,json_v2
1637321413.608048,1550139824.6282895,1.021751659898445,0.5160078186717453,-0.30309298849136546,0.43443331465382196,-0.7222297496749887,0.09745972340450491,-1.9338095548658776,position_local,0,json_v2
1637321413.969474,1550139825.0034316,1.0221307986481418,0.5142706207500649,-0.30304567333694454,0.43447070081873906,-0.7122136479203299,0.0729441895479623,-1.941804022918739,position_local,0,json_v2
1637321414.330154,1550139825.3528268,1.0232088751321267,0.5140651855315973,-0.3028250171133261,0.4346621190257287,-0.7207015074959913,0.06962840697034889,-1.9510698337077286,position_local,0,json_v2
1637321414.615482,1550139825.6530306,1.0230206827648998,0.5139643984368223,-0.30221518812740433,0.43457390924909944,-0.7367049231938665,0.05981215571674043,-1.9551305840957829,position_local,0,json_v2
1637321414.927552,1550139825.9828825,1.0231471734625437,0.5137699054641858,-0.3017670366628549,0.4346850638052458,-0.7495017486070278,0.06404839394098805,-1.9518463084019169,position_local,0,json_v2
1637321415.297777,1550139826.3282876,1.023146307923739,0.5138347598014918,-0.3035376025872726,0.43474459010281324,-0.7430021701998399,0.058125078203166036,-1.9500375899324567,position_local,0,json_v2
1637321415.570411,1550139826.6031284,1.023800274194765,0.5146670012023993,-0.3033848213273328,0.4349558390065444,-0.7326454891056113,0.04637683301148379,-1.9528423040761713,position_local,0,json_v2
1637321415.830998,1550139826.902763,1.0244116600623936,0.5145060303777518,-0.3055313402107927,0.43526601209872157,-0.7256304436932508,0.061582121584221654,-1.9624222571116154,position_local,0,json_v2
1637321416.190947,1550139827.2035146,1.0246496974279542,0.5149085764984688,-0.3056420106798983,0.43501816036167196,-0.7038400477962033,0.09453236424052565,-1.9760360435742914,position_local,0,json_v2
1637321416.410205,1550139827.5033624,1.0248902027537137,0.5153539924860377,-0.3050580554821834,0.43508384657155647,-0.7125114576143792,0.11183293954829389,-1.9723435546444537,position_local,0,json_v2
1637321416.754201,1550139827.7807217,1.0251320888883533,0.5134781721861371,-0.30584567235384463,0.43529345961670696,-0.7094605527781264,0.12616967140058988,-1.9666876487757572,position_local,0,json_v2
1637321417.120215,1550139828.1279564,1.0252483325844808,0.5148984953221343,-0.30707204902732116,0.4352177466892778,-0.7102248724156218,0.10390402471101909,-1.970879109116566,position_local,0,json_v2
1637321417.360065,1550139828.4027176,1.0250913905657262,0.5157992006196004,-0.30568492184563156,0.43532902343176827,-0.7280838600221669,0.09037211434934526,-1.9525307599360406,position_local,0,json_v2
1637321417.768417,1550139828.802625,1.0246585144853264,0.5163031287279132,-0.3052764665349793,0.43545686957562585,-0.7340052318516782,0.1065009078577429,-1.9561815948054273,position_local,0,json_v2
1637321418.082005,1550139829.0776484,1.0260000920009085,0.5152320308149786,-0.3058867990662408,0.4354290378405164,-0.7377410997434234,0.09760643105333122,-1.9533819424513759,position_local,0,json_v2
1637321418.343246,1550139829.4026241,1.0263205804551512,0.5162428821980523,-0.3061759239173216,0.4355567773917516,-0.7421721421543632,0.07059506285670682,-1.9633418568579242,position_local,0,json_v2
1637321418.798486,1550139829.803437,1.0265646176920498,0.515725252601998,-0.30565511123205075,0.43564701916270554,-0.7452836549521039,0.07644563341866543,-1.968223791327385,position_local,0,json_v2
1637321419.062769,1550139830.1531377,1.027151295095807,0.5158128874800793,-0.30707315859513673,0.4357686877345755,-0.7472340041358402,0.06988749953095938,-1.9918104211468532,position_local,0,json_v2
1637321419.399358,1550139830.4033697,1.0275553554595718,0.5158600504496108,-0.30661343010076925,0.43576228008791484,-0.7564158324828293,0.08204375753443949,-1.9969714464521273,position_local,0,json_v2
1637321419.759943,1550139830.7809105,1.0275332595368323,0.5164304516260538,-0.3057486616299746,0.43611733996783436,-0.7474990156871152,0.06274241633559464,-1.9968548452134547,position_local,0,json_v2
1637321420.130252,1550139831.1274724,1.0286390619297916,0.5166392416133535,-0.30615608422087565,0.43605914395462936,-0.7469558720502176,0.05762465971913712,-2.005556989065305,position_local,0,json_v2
1637321420.369594,1550139831.4276726,1.0291455824465026,0.5166327520923335,-0.3051335577546048,0.43610765632642895,-0.7491932808932307,0.06709923674894618,-2.0225996561705033,position_local,0,json_v2
1637321420.720131,1550139831.728994,1.0295337353435896,0.5167618286349915,-0.3059884659540122,0.4361996475714027,-0.7419095533519611,0.06299690218121473,-2.024004306336063,position_local,0,json_v2
1637321420.9746,1550139832.052867,1.029949773353039,0.516643876298733,-0.3066961356801658,0.43637809226814717,-0.7311377067521597,0.06977965984555017,-2.025311234681982,position_local,0,json_v2
1637321421.319564,1550139832.3529458,1.0304849559730163,0.5173540137413327,-0.3076740696406948,0.43633737092885694,-0.7373079657832023,0.07811925710843606,-2.0243941496501923,position_local,0,json_v2
1637321421.580013,1550139832.6531456,1.0304186076108535,0.5173997097393062,-0.3071241768964938,0.4364023294065147,-0.7428025784854994,0.08411274150975578,-2.0007785285510526,position_local,0,json_v2
1637321421.974678,1550139833.003502,1.030471277181505,0.5165010400223378,-0.3068601039513668,0.43653955251796,-0.7334627027305948,0.09263655297420471,-2.008131673387663,position_local,0,json_v2
1637321422.288568,1550139833.3032713,1.0299910921929736,0.5161762302056363,-0.3085784559282369,0.4365985436512092,-0.7254896417757952,0.08630711259933245,-2.0110762654368655,position_local,0,json_v2
1637321422.539955,1550139833.6277516,1.0302952694188603,0.5151231299872784,-0.3084330177998764,0.4368643609831034,-0.7246374880180085,0.08466619050797738,-2.0048042914057453,position_local,0,json_v2
1637321422.935106,1550139833.9531958,1.0310991537258432,0.5161942171796144,-0.30718706626029046,0.43698072059696735,-0.7231230533014624,0.08862435105777243,-1.9965635410599496,position_local,0,json_v2
1637321423.272178,1550139834.277463,1.0315961065683246,0.5159085015241608,-0.30781385066677763,0.43694068393680313,-0.7213693141658121,0.09806719455184797,-2.0013984866651504,position_local,0,json_v2
1637321423.531767,1550139834.5532455,1.0316074323873416,0.5158501595687942,-0.30832557610467787,0.4372579742563036,-0.7338475036608172,0.0927879640034677,-2.0058972694864505,position_local,0,json_v2
1637321423.870711,1550139834.8784497,1.0318932888023735,0.5159034976861647,-0.310246017969389,0.43715717057497844,-0.7318262905208707,0.09648234029236229,-2.017766378318234,position_local,0,json_v2
1637321424.127811,1550139835.1532238,1.032003987770942,0.5163973166602592,-0.30870381760351634,0.4372362157462383,-0.7397792396827001,0.07898021947152091,-2.007582817431203,position_local,0,json_v2
1637321424.471279,1550139835.4776907,1.0314552214196513,0.5152133054029744,-0.3112643859977414,0.43742349958762516,-0.7362043037491115,0.05990302450644337,-2.0143705044707283,position_local,0,json_v2
1637321424.611933,1550139835.6782367,1.0326874447170356,0.5158919482760016,-0.31082912968393844,0.4372888553760437,-0.7195861480758807,0.06758974012626023,-2.0251180658318546,position_local,0,json_v2
1637321424.960053,1550139836.0278711,1.0331567304687186,0.5155981957532156,-0.30925131436875947,0.4375151204119161,-0.7133048463117856,0.06250662502155585,-2.0372301851405688,position_local,0,json_v2
1637321425.321851,1550139836.4025035,1.0343959063510744,0.5154396817620577,-0.3103666276484385,0.43775494733877446,-0.7104712228722202,0.06712912017653823,-2.0438867994417023,position_local,0,json_v2
1637321425.793799,1550139836.7811294,1.0338127685006102,0.5146771811248171,-0.3106444067623454,0.43779445278320955,-0.7253448919906595,0.07555559329759481,-2.026040478357987,position_local,0,json_v2
1637321426.088093,1550139837.1279984,1.0344912814973763,0.5143509405051242,-0.3102928869025875,0.43787254443545565,-0.7211490133437494,0.08373807563331316,-2.018854309320586,position_local,0,json_v2
1637321426.39836,1550139837.4278183,1.034627366115848,0.5149691521598498,-0.310697002440748,0.4379243232373467,-0.7266942962290739,0.08661273048110574,-2.007613943948058,position_local,0,json_v2
1637321426.748878,1550139837.7527547,1.0342152788989303,0.5147777043898519,-0.3109344049982847,0.43800152312674884,-0.7408864957646145,0.07928316489837696,-2.0080485260485132,position_local,0,json_v2
1637321427.010978,1550139838.02776,1.0346376924342273,0.5154972695684659,-0.3103449660800947,0.43801440230505645,-0.7400638955342613,0.0962280723272334,-2.0123264785485118,position_local,0,json_v2
1637321427.371047,1550139838.428033,1.0347033760565858,0.5152364754720266,-0.30937716641459195,0.4382220719322311,-0.7413145071540311,0.08052053665022348,-2.0330646860487582,position_local,0,json_v2
1637321427.710806,1550139838.752981,1.0363121751184803,0.515025952170007,-0.3099421424678067,0.4383264452123633,-0.7516399583914656,0.08630311218367245,-2.046275497546907,position_local,0,json_v2
1637321428.071707,1550139839.0532637,1.0356939842910688,0.5153964092875,-0.31034130471079574,0.43831398338504074,-0.7751902922100234,0.0798308768391099,-2.0527829483460733,position_local,0,json_v2
1637321428.348841,1550139839.4025276,1.0350731483264832,0.5151517293477802,-0.30970133514848147,0.4385842869476176,-0.7700941054832297,0.08592997850238533,-2.0685083831357662,position_local,0,json_v2
1637321428.696182,1550139839.7534196,1.0359858165969777,0.5146800462858934,-0.30936342474467066,0.43859447580439037,-0.750284212621853,0.08071139867416442,-2.0830026451639947,position_local,0,json_v2
1637321429.03943,1550139840.0782206,1.0359769309057067,0.5154449286860459,-0.3103480308116021,0.4386198899744051,-0.7567286231042982,0.06649969357353426,-2.096793899424358,position_local,0,json_v2
1637321429.400019,1550139840.4030678,1.035967106976226,0.5149557549151216,-0.30990541669770577,0.43882973436580597,-0.7609516832180666,0.06986926047993715,-2.1098793115823233,position_local,0,json_v2
1637321429.664601,1550139840.7032387,1.036651807284464,0.5145337342297874,-0.3103930597825539,0.43891715691913963,-0.7601797797751415,0.04824631999452199,-2.1168517909811904,position_local,0,json_v2
1637321429.896156,1550139840.9532015,1.0364356297526935,0.5156920400786759,-0.31122609047130007,0.4389084785457084,-0.7776230732328041,0.053052908079673264,-2.1150820922055793,position_local,0,json_v2
1637321430.237521,1550139841.3027625,1.036392786657119,0.5152002485471785,-0.3104357129399874,0.4390082272977416,-0.790742730890159,0.04369530700716457,-2.1051210544731416,position_local,0,json_v2
1637321430.508239,1550139841.581117,1.0368732771182338,0.5147583250622743,-0.3103907113013532,0.43902957487837946,-0.7878949974339197,0.029350107235491064,-2.109177941692991,position_local,0,json_v2
1637321430.960609,1550139841.9802384,1.0365535502099814,0.51438957553002,-0.31104588686524914,0.4391621744787268,-0.7979707446620121,0.03873048696606412,-2.1219400049448263,position_local,0,json_v2
1637321431.217144,1550139842.3032677,1.0368141679912424,0.5143641530972503,-0.3126643126258081,0.4392313160767423,-0.7866143723243317,0.042028702032536364,-2.1213681658908756,position_local,0,json_v2
1637321431.581477,1550139842.6279702,1.036932517345477,0.5150346103887005,-0.3113467549702352,0.43934671219871513,-0.7847188204062137,0.021564372697901676,-2.1050482086650235,position_local,0,json_v2
1637321431.819257,1550139842.928366,1.0369872968837937,0.5139455066749906,-0.311742704779675,0.43978446598765786,-0.7775528507974248,0.03675295678282329,-2.1077111981331846,position_local,0,json_v2
1637321432.078601,1550139843.1532729,1.0371480011637286,0.5138870024430818,-0.311117072399993,0.4394087832913506,-0.7726972951317771,0.027089572261388924,-2.112949956428177,position_local,0,json_v2
1637321432.316747,1550139843.4026814,1.037941401363905,0.5133864543691514,-0.31259567413200495,0.43957488056889604,-0.7665276045146776,0.02855079677102621,-2.111553791647852,position_local,0,json_v2
1637321432.686159,1550139843.781301,1.0382764532547273,0.513387650723178,-0.31226066797790275,0.4397959919564335,-0.7656311206886187,0.04904736610651375,-2.108153474966661,position_local,0,json_v2
1637321433.05356,1550139844.0527105,1.0384077930103621,0.5135844217423852,-0.31271364882178926,0.4397518582397823,-0.759578881937101,0.06890801134276592,-2.12772092996476,position_local,0,json_v2
1637321433.388062,1550139844.4029686,1.03889272133637,0.5138799136437071,-0.31303851399176436,0.4399119334568793,-0.7600447839866216,0.055314543006324005,-2.1209413638816716,position_local,0,json_v2
1637321433.640494,1550139844.72846,1.0388215154920928,0.5136009773905488,-0.3133170706493802,0.4399490320513142,-0.766230422495084,0.05771729114629896,-2.112208274238051,position_local,0,json_v2
1637321434.010759,1550139845.0034652,1.039253744570584,0.5132489979916378,-0.312023063961677,0.4399665703272437,-0.7672624108453856,0.06487631410790956,-2.114658081541554,position_local,0,json_v2
1637321434.350741,1550139845.3531709,1.0397040013258714,0.512443455387758,-0.3121127018943452,0.4401054270804317,-0.7837603397210363,0.07117047426794959,-2.1280119803368738,position_local,0,json_v2
1637321434.63379,1550139845.652548,1.0402743928561795,0.5135374018954922,-0.3118424840744892,0.4403947508366164,-0.8006168291341074,0.06324947673163406,-2.1280441531204835,position_local,0,json_v2
1637321434.948479,1550139845.9807,1.0399440152224457,0.5125306161159398,-0.3122044372580751,0.44045367767345633,-0.8043641722324644,0.06915252395430103,-2.130214540289042,position_local,0,json_v2
1637321435.230835,1550139846.253325,1.0407950072414491,0.5121849106997104,-0.31224984059561967,0.4403745775111325,-0.8093448296859622,0.06878687484667083,-2.135395782767729,position_local,0,json_v2
1637321435.552658,1550139846.553197,1.039942205068112,0.5126337258488249,-0.3093521540243316,0.44084025989543074,-0.8043269200018226,0.05881546834396986,-2.1347123467978504,position_local,0,json_v2
1637321435.910244,1550139846.9525905,1.0420209473231654,0.5120878076788685,-0.3124505518722219,0.44073596557446737,-0.8045527853367315,0.05605937552411586,-2.1357534486186505,position_local,0,json_v2
1637321436.281161,1550139847.2524617,1.041359216048913,0.5125390133532752,-0.3113855859692166,0.4407532055592597,-0.8126036221582702,0.042354239005082554,-2.1203296934998037,position_local,0,json_v2
1637321436.531742,1550139847.6033542,1.0414700530359478,0.5120680919436512,-0.3126878935782752,0.4407138975999856,-0.8149584657296408,0.041976777875472354,-2.13378960646551,position_local,0,json_v2
1637321436.890596,1550139847.927693,1.0413608007004391,0.5120574147422438,-0.31307104496208105,0.4409224293750585,-0.8302316633904133,0.04998021431708966,-2.132038297047041,position_local,0,json_v2
1637321437.182099,1550139848.20274,1.0418964260606625,0.5115260498512649,-0.313140702335394,0.44109892515580645,-0.8343006342066613,0.06386755033231484,-2.1347720732491737,position_local,0,json_v2
1637321437.479627,1550139848.5024526,1.0421465039744453,0.5134405293561274,-0.3137885548403935,0.44103043341441645,-0.8173617331231245,0.07884485172800523,-2.165115516672128,position_local,0,json_v2
1637321437.7482,1550139848.8029928,1.0424237990636367,0.5118240077151076,-0.31294651497492276,0.4411101109323639,-0.8103085555585725,0.05986210973341099,-2.1501152799571863,position_local,0,json_v2
1637321438.098839,1550139849.102669,1.042216221399207,0.5126007573389582,-0.31238261133564754,0.44116048165222144,-0.8069441807537935,0.05344789921566841,-2.1604567822104617,position_local,0,json_v2
1637321438.460341,1550139849.4527426,1.0422987868384856,0.5133912873370693,-0.31220368446267016,0.44128648881566446,-0.7856178680572538,0.061679620963211466,-2.1533068049406983,position_local,0,json_v2
1637321438.700965,1550139849.7281551,1.0427754919774734,0.513260153847364,-0.31409298086726967,0.4413018317821757,-0.7789246827224663,0.06198948687041962,-2.1444903212980027,position_local,0,json_v2
1637321438.958572,1550139849.952922,1.0431645150491284,0.5132713624958893,-0.31341012369004223,0.4412584487350401,-0.7796944182249232,0.05986090166391351,-2.142011705957507,position_local,0,json_v2
1637321439.179236,1550139850.228451,1.0444862009551392,0.5136882811146822,-0.3143137257618535,0.4415623828964957,-0.789956203814578,0.06387944193303835,-2.140712259915465,position_local,0,json_v2
1637321439.439148,1550139850.5274782,1.0445942817873255,0.5132324375294143,-0.3109598786186114,0.4414959427522934,-0.7922782250987697,0.06668621944803052,-2.133150391976751,position_local,0,json_v2
1637321439.832096,1550139850.8532474,1.0447091984281083,0.5133335253829854,-0.3114015638779908,0.4415800867654062,-0.8086711808419961,0.06635600446846021,-2.128467912109584,position_local,0,json_v2
1637321440.160949,1550139851.1532285,1.0446175729738554,0.5136379653952383,-0.31221630952004775,0.4416581443747386,-0.8064069163292561,0.09723551279493223,-2.1236799624533043,position_local,0,json_v2
1637321440.540653,1550139851.5825918,1.0439812838188323,0.5141942406525654,-0.31221152629230153,0.4419443534365562,-0.7975481220302372,0.08497605792777942,-2.1394828744709846,position_local,0,json_v2
1637321440.890336,1550139851.9026635,1.0452450077637765,0.5127982043412195,-0.31257946833490297,0.4418959528698012,-0.808208175265324,0.06689918238195416,-2.149750334435008,position_local,0,json_v2
1637321441.250499,1550139852.3029866,1.0450588594758774,0.512917821414734,-0.313140209105964,0.44196984436291825,-0.8002081321247323,0.050471266014699964,-2.1449021147241942,position_local,0,json_v2
1637321441.533633,1550139852.5812898,1.0446901406140192,0.5129846721565009,-0.3124989466711093,0.4420105775596536,-0.8024607814069,0.055220672169388786,-2.1419579510715527,position_local,0,json_v2
1637321441.886086,1550139852.9815192,1.0446203585655358,0.5121074539992431,-0.314051058358441,0.4424178404324848,-0.7994724861468065,0.06521942108646395,-2.1414079805717106,position_local,0,json_v2
1637321442.229582,1550139853.3283918,1.0450659206955861,0.5129785705910619,-0.3111887511527967,0.442313834018453,-0.7998896217673824,0.0590466220634399,-2.1409721617549775,position_local,0,json_v2
1637321442.580005,1550139853.6026924,1.0454512529714979,0.5130052325479346,-0.3130928668877321,0.4424306137818561,-0.794969163480008,0.06574697963584201,-2.1474167072061534,position_local,0,json_v2
1637321442.963595,1550139854.0033112,1.0463122343595272,0.5126774221424298,-0.3127873136175052,0.4425497278972758,-0.7881994360597546,0.08017596730579424,-2.1491167700215086,position_local,0,json_v2
1637321443.300334,1550139854.352678,1.046802240907929,0.5123943669062788,-0.3130332498325349,0.4427542697801524,-0.8033618395676476,0.07995685746930538,-2.1559046002776214,position_local,0,json_v2
1637321443.539795,1550139854.6034765,1.046181895890426,0.5131105058959655,-0.31218169649853633,0.4427119587575703,-0.812102671657124,0.07506756715643859,-2.157591903462367,position_local,0,json_v2
1637321443.910845,1550139854.903343,1.0464122462882586,0.5115628212702584,-0.3115807751168646,0.44284406746920607,-0.8165541531988539,0.07614234627593802,-2.1650685960588016,position_local,0,json_v2
1637321444.216523,1550139855.2284129,1.046153828243594,0.5111723334570337,-0.3125903045139779,0.44285244307395794,-0.8141603387985662,0.07190438351826577,-2.179242620037134,position_local,0,json_v2
1637321444.509248,1550139855.553234,1.0473708163639066,0.5102887781508387,-0.31266000623870693,0.44305759592214367,-0.8243690569155513,0.06281238565567131,-2.160836964714318,position_local,0,json_v2
1637321444.890585,1550139855.9528267,1.0479810229705224,0.510467699599817,-0.3141643350643339,0.4431016421652754,-0.8145289830062692,0.06597241380290786,-2.157440309669281,position_local,0,json_v2
1637321445.238785,1550139856.3274143,1.0484154191314712,0.5106314931774293,-0.31384131702191415,0.44326158169941005,-0.8191996583361357,0.05781169783729284,-2.1646780868277187,position_local,0,json_v2
1637321445.601103,1550139856.60267,1.0484016253700321,0.510152384880624,-0.3131652696806488,0.4431891454508734,-0.836135151803899,0.04802769824375769,-2.1717357226663774,position_local,0,json_v2
1637321445.856151,1550139856.877684,1.04835546458987,0.5093789379082426,-0.3139706943430157,0.4432717910451922,-0.8304659335457538,0.061480243694221115,-2.162119337690338,position_local,0,json_v2
1637321446.210383,1550139857.18069,1.0488060540876252,0.5086286859069413,-0.31366178580478693,0.44332455776435226,-0.8265592817670071,0.054766160729207404,-2.1616103826442656,position_local,0,json_v2
1637321446.4509,1550139857.502601,1.048693668622405,0.5090983079104962,-0.3151963694294298,0.44357565476335375,-0.8385949634999064,0.05919920612445346,-2.161892763631689,position_local,0,json_v2
1637321446.723239,1550139857.782005,1.049336563446806,0.5084596747240513,-0.3117459956360448,0.4436283976110525,-0.8301246223549116,0.04672716065293722,-2.1660544071129184,position_local,0,json_v2
1637321447.070042,1550139858.1274726,1.0502575902223623,0.5088862075864548,-0.31195992846965187,0.44376104279776313,-0.8401649463002915,0.0738646845097115,-2.1731627050858893,position_local,0,json_v2
1637321447.41845,1550139858.4274871,1.0501995419795702,0.5090096242742156,-0.3117260299870954,0.44374996941317413,-0.8431839012519807,0.08744717434917779,-2.1783940126996404,position_local,0,json_v2
1637321447.705027,1550139858.7531905,1.0505144293523931,0.5086772013106139,-0.31069569195179375,0.4440002187514786,-0.8183325519731445,0.10088113588939807,-2.1911676840104186,position_local,0,json_v2
1637321448.020321,1550139859.0532877,1.0511478685459172,0.5089390813550009,-0.31138345282201896,0.4440424244126428,-0.8247032100891083,0.10906932006325085,-2.1964969421228604,position_local,0,json_v2
1637321448.383016,1550139859.3811362,1.050935462074966,0.5090260869620014,-0.31146372183532567,0.44403462626065837,-0.8236244651861736,0.08731747297780736,-2.2071705574812484,position_local,0,json_v2
1637321448.641492,1550139859.6777434,1.0500575564627426,0.5097746577729154,-0.31170659963357733,0.4443746810783179,-0.8280533919244512,0.07397091523052914,-2.210987368119452,position_local,0,json_v2
1637321449.100767,1550139860.1030178,1.0519575306079432,0.5101477971867363,-0.3112509804843971,0.4442926139955207,-0.8075886114980088,0.09001804598996582,-2.21885410140882,position_local,0,json_v2
1637321449.372347,1550139860.4031107,1.0520384980148239,0.5097411272406283,-0.31131401371875916,0.4443545799395032,-0.7977650125520834,0.08100013278102038,-2.203539056069288,position_local,0,json_v2
1637321449.712151,1550139860.702498,1.0523817670462547,0.5103195100767919,-0.3117817090366504,0.444430307017526,-0.7988400210747851,0.08694200487291392,-2.223695310940725,position_local,0,json_v2
1637321449.97329,1550139861.052967,1.0527743653294062,0.5104455069115339,-0.31258522498007396,0.44450052784401234,-0.8232664631203499,0.08181721292045467,-2.196036056835796,position_local,0,json_v2
1637321450.307888,1550139861.352624,1.053252489362438,0.5109664747549204,-0.31202997700138524,0.44469662239510405,-0.8298104692279581,0.0738970388631484,-2.1926574115264517,position_local,0,json_v2
1637321450.593994,1550139861.6533904,1.0532495315751509,0.5102580387510959,-0.3140196744088624,0.4446471458068984,-0.8463279180488275,0.0860633328837594,-2.1981485870005035,position_local,0,json_v2
1637321450.968217,1550139862.027492,1.0544675945783808,0.5097678955234144,-0.3135927174623315,0.44495809210195175,-0.8247918298246999,0.10109817871658942,-2.213792118990828,position_local,0,json_v2
1637321451.280322,1550139862.2781446,1.0539576020616443,0.509519355325252,-0.3130766506757706,0.44482342902641436,-0.8177043232827459,0.1093759940986905,-2.200627970218563,position_local,0,json_v2
1637321451.537555,1550139862.5536075,1.0546046644634015,0.509840315236317,-0.3145056384928919,0.4449380911087543,-0.8085379772787419,0.08390336586842313,-2.2114437503569193,position_local,0,json_v2
1637321451.815735,1550139862.8532174,1.0542668566997664,0.509898111129268,-0.31425327381573087,0.44498767644890624,-0.8135122043732141,0.056090568594724714,-2.2110248513971444,position_local,0,json_v2
1637321452.121509,1550139863.18111,1.054046511854291,0.5087908699821493,-0.3147179215692666,0.4450585855202404,-0.8254588760219859,0.031637958244321605,-2.212225501430692,position_local,0,json_v2
1637321452.597717,1550139863.6284232,1.0539690920371347,0.5086171871000669,-0.3149728333689023,0.44526037425039916,-0.8468160822234287,0.043451171142709334,-2.206576522063734,position_local,0,json_v2
1637321452.849443,1550139863.9029865,1.0544560268761025,0.5098422165176403,-0.31312745090429417,0.4452388351531485,-0.8453164665603146,0.05957844667984643,-2.2068569560320404,position_local,0,json_v2
1637321453.232987,1550139864.2780478,1.0548831399083567,0.5096932335372629,-0.31273512075483695,0.4452980219323568,-0.8297355093736909,0.06826835319964121,-2.214096736960215,position_local,0,json_v2
1637321453.569071,1550139864.58036,1.054708513078221,0.509205187167145,-0.31196308850009224,0.4453691182763631,-0.843027456345518,0.08437835856269811,-2.216612726835288,position_local,0,json_v2
1637321453.850834,1550139864.8775496,1.0553409438405161,0.508934999510635,-0.31240357852634404,0.44549168786015203,-0.84154480802976,0.0634559448924237,-2.206614898483686,position_local,0,json_v2
1637321454.179258,1550139865.2033484,1.0549371098814229,0.5089959183669722,-0.3118462289587374,0.4455096775151468,-0.8492062622013402,0.07553842475801267,-2.21416684045383,position_local,0,json_v2
1637321454.541717,1550139865.527853,1.0561977991568583,0.5088372669255844,-0.3125596375035271,0.4456224402606855,-0.8585791716312008,0.08095569111578076,-2.2034583891886643,position_local,0,json_v2
1637321454.799781,1550139865.82836,1.055712753071973,0.5068790172693438,-0.31213104739951947,0.44604563295884364,-0.8329670950980628,0.08020636683834168,-2.2019420444808775,position_local,0,json_v2
1637321455.147758,1550139866.1531951,1.0562618172121616,0.5077458575835769,-0.31273722989005615,0.4459979313648426,-0.8345811169540843,0.06802500813606287,-2.1882425708467546,position_local,0,json_v2
1637321455.420689,1550139866.4782782,1.0555607643691323,0.5073835710396315,-0.31394166232560344,0.44612522276436545,-0.8282931511565841,0.057960905917346525,-2.1720850622695136,position_local,0,json_v2
1637321455.760532,1550139866.780281,1.0559773157294086,0.5072474025298602,-0.3120630840339031,0.4464485069616412,-0.8163093344347312,0.06946673057417432,-2.16179773731429,position_local,0,json_v2
1637321456.021178,1550139867.1029103,1.0579103832393744,0.5072735982237769,-0.3145927357078423,0.4463604487249661,-0.8240111846441579,0.0827114918043368,-2.1641584787839645,position_local,0,json_v2
1637321456.360604,1550139867.4025164,1.0574792527625783,0.5069914357964045,-0.3136658062471442,0.44633809990225837,-0.8173464532946669,0.07579246496248088,-2.1625712233333485,position_local,0,json_v2
1637321456.654268,1550139867.7026343,1.0577988037007677,0.5070608009866545,-0.3132453843951375,0.4464134715782848,-0.824106894755054,0.08241646823532524,-2.1528397807191295,position_local,0,json_v2
1637321456.988339,1550139868.0529995,1.0576663456936006,0.506119472581935,-0.3147297724411794,0.44666364588547347,-0.8184000147320909,0.07037564232016827,-2.1573619766134517,position_local,0,json_v2
1637321457.332581,1550139868.3284843,1.058675782524453,0.5064832242513223,-0.3145007217599483,0.4465904114312256,-0.8336553448007936,0.0649477840909093,-2.1624063990823763,position_local,0,json_v2
1637321457.690677,1550139868.677703,1.0595247021394267,0.5060289428915328,-0.31374485898139826,0.44682877136613364,-0.8410373696523449,0.06891314756039575,-2.158889958778207,position_local,0,json_v2
1637321457.939967,1550139869.002836,1.0597252569873918,0.5054643006502749,-0.31433552336527193,0.4469362718940203,-0.85059798166139,0.06595798364906864,-2.1552254243513578,position_local,0,json_v2
1637321458.290789,1550139869.303088,1.059427953915273,0.5062989500952624,-0.31441058633387,0.44688294258478106,-0.8498148404232294,0.08582100809033984,-2.1526328944550355,position_local,0,json_v2
1637321458.573096,1550139869.628221,1.0594356623224899,0.5059383446123424,-0.313793297829967,0.4469541717553852,-0.8431000360050739,0.08276669642254185,-2.1586637889522216,position_local,0,json_v2
1637321458.901108,1550139869.9283466,1.0594555987231873,0.505986845372267,-0.3134908962227597,0.44702587196190735,-0.8375293543173798,0.09336633374376802,-2.1610473520927034,position_local,0,json_v2
1637321459.182691,1550139870.2283475,1.0603058116762158,0.5053506490251981,-0.3129564144139498,0.4470900328466035,-0.8455570906401533,0.08480301217900167,-2.1628636528176672,position_local,0,json_v2
1637321459.500885,1550139870.5532298,1.060394216633782,0.5053478735041845,-0.3115193293827638,0.44719878767522186,-0.8379624465903927,0.08719656928535778,-2.162270232843689,position_local,0,json_v2
1637321459.762112,1550139870.8285427,1.0609358899646812,0.5048275163663154,-0.31388940446440033,0.44720973103073836,-0.8506374575325656,0.09079106686719778,-2.170994383936122,position_local,0,json_v2
1637321460.150902,1550139871.180423,1.0611703127177745,0.5054292363249238,-0.3140648724635407,0.4473182195504085,-0.8519276423515154,0.06899133215310291,-2.1808860853836554,position_local,0,json_v2
1637321460.492092,1550139871.528046,1.0613595227100705,0.5053484727887753,-0.31352333208572036,0.44742680883484093,-0.8284598628846424,0.09072081777029156,-2.192086307457185,position_local,0,json_v2
1637321460.901191,1550139871.9284036,1.0615606177021146,0.5054298551350105,-0.3133626072468121,0.4474970119055324,-0.8422074628762717,0.10546329824518795,-2.1794276944182127,position_local,0,json_v2
1637321461.200185,1550139872.2278392,1.0623204226367584,0.5051789755072488,-0.31275891068953676,0.4475484283276982,-0.8402712772935476,0.13415571649153277,-2.1855049252926064,position_local,0,json_v2
1637321461.603673,1550139872.5534525,1.0628394401247088,0.5051217656938458,-0.314389981608297,0.4476451550407637,-0.8285197042986948,0.15500602086907206,-2.192806945594418,position_local,0,json_v2
1637321461.809894,1550139872.8526664,1.0623829085046876,0.5047280900610411,-0.3137282590348894,0.4480519938384424,-0.8238581532883799,0.12232917653003754,-2.1955258890549265,position_local,0,json_v2
1637321462.069174,1550139873.128136,1.062976046106438,0.5052245079087169,-0.31193662125224575,0.4477712093209755,-0.8283629349123474,0.10697146329385414,-2.192352465751281,position_local,0,json_v2
